{
	"partitions" : [
		{
			"name" : "Top",
			"pins" : [
				{
					"name" : "AluOp[0]",
					"strict" : false
				},
				{
					"name" : "AluOp[1]",
					"strict" : false
				},
				{
					"name" : "AluOp[2]",
					"strict" : false
				},
				{
					"name" : "AluOp[3]",
					"strict" : false
				},
				{
					"name" : "EnPc",
					"strict" : false
				},
				{
					"name" : "RI",
					"strict" : false
				},
				{
					"name" : "RegDst",
					"strict" : false
				},
				{
					"name" : "AluSrc",
					"strict" : false
				},
				{
					"name" : "MemWr",
					"strict" : false
				},
				{
					"name" : "MemtoReg",
					"strict" : false
				},
				{
					"name" : "func[0]",
					"strict" : false
				},
				{
					"name" : "Opcode[0]",
					"strict" : false
				},
				{
					"name" : "Opcode[1]",
					"strict" : false
				},
				{
					"name" : "Opcode[2]",
					"strict" : false
				},
				{
					"name" : "func[1]",
					"strict" : false
				},
				{
					"name" : "func[2]",
					"strict" : false
				},
				{
					"name" : "func[3]",
					"strict" : false
				},
				{
					"name" : "res",
					"strict" : false
				},
				{
					"name" : "clk",
					"strict" : false
				}
			]
		}
	]
}